id,first_name,last_name,email,gender,ip_address
1,Jacenta,Van Dalen,jvandalen0@weibo.com,Female,196.244.73.254
2,Lilly,Reville,lreville1@github.io,Female,123.211.203.219
3,Harper,Jertz,hjertz2@discovery.com,Agender,169.203.21.62
4,Taddeusz,Spier,tspier3@prnewswire.com,Male,153.236.241.187
5,Ceil,McFfaden,cmcffaden4@eepurl.com,Female,202.94.88.155
6,Horace,Nuth,hnuth5@baidu.com,Male,6.238.95.49
7,Kellyann,Hattigan,khattigan6@irs.gov,Female,244.138.163.135
8,Fenelia,Ford,fford7@prweb.com,Female,244.111.164.63
9,Kalina,Garriock,kgarriock8@hp.com,Female,145.203.247.125
10,Rahal,Layzell,rlayzell9@omniture.com,Female,171.185.155.0
11,Aube,Clara,aclaraa@japanpost.jp,Male,125.253.19.234
12,Yorgos,Shippey,yshippeyb@intel.com,Genderqueer,41.193.67.20
13,Eachelle,Talboy,etalboyc@google.co.jp,Female,107.92.106.106
14,Keeley,Peregrine,kperegrined@yahoo.com,Genderqueer,206.5.124.53
15,Claudine,Ruffell,cruffelle@gizmodo.com,Female,42.162.26.221
16,Agnesse,Locke,alockef@npr.org,Female,216.191.62.104
17,Shadow,Chasmor,schasmorg@harvard.edu,Male,6.63.102.182
18,Holt,Rodgman,hrodgmanh@weibo.com,Male,11.91.176.244
19,Orin,Luis,oluisi@posterous.com,Male,135.2.31.126
20,Thorstein,Dunsmore,tdunsmorej@uiuc.edu,Male,12.146.73.123
21,Georgetta,Smedmoor,gsmedmoork@bloglines.com,Female,75.249.128.105
22,Tim,Ivanichev,tivanichevl@feedburner.com,Male,219.39.96.30
23,Randy,Jahnig,rjahnigm@parallels.com,Male,82.1.236.143
24,Lanie,Pozzi,lpozzin@uol.com.br,Male,124.217.51.186
25,Inger,Paula,ipaulao@symantec.com,Male,21.119.120.198
26,Berty,Cust,bcustp@unc.edu,Polygender,235.154.65.15
27,Fremont,Phillimore,fphillimoreq@ow.ly,Genderqueer,77.244.56.120
28,Neil,Comber,ncomberr@vistaprint.com,Male,155.18.145.33
29,Norma,Regorz,nregorzs@accuweather.com,Female,150.64.163.203
30,Aksel,Pasterfield,apasterfieldt@vimeo.com,Male,202.187.204.181
31,Pinchas,Jindacek,pjindaceku@princeton.edu,Male,157.113.29.177
32,Innis,Nathan,inathanv@nsw.gov.au,Polygender,165.6.138.24
33,Shurwood,Crab,scrabw@ucoz.com,Male,127.13.162.98
34,Cathie,Prisley,cprisleyx@latimes.com,Female,16.29.110.210
35,Darrell,Gaythorpe,dgaythorpey@salon.com,Male,65.242.215.78
36,Brnaby,Weiss,bweissz@google.ca,Male,227.129.138.44
37,Garvy,Corpe,gcorpe10@cnet.com,Male,39.17.162.185
38,Byram,Stollwerk,bstollwerk11@telegraph.co.uk,Male,152.196.101.180
39,Steffen,Poulston,spoulston12@ifeng.com,Male,2.63.223.130
40,Chan,Scrivener,cscrivener13@biblegateway.com,Male,130.5.183.0
41,Erroll,De la Eglise,edelaeglise14@cyberchimps.com,Male,184.167.34.110
42,Leodora,Skrine,lskrine15@blogger.com,Female,169.36.55.50
43,Jorge,Robjents,jrobjents16@fastcompany.com,Male,58.242.160.0
44,Chrissie,Scalia,cscalia17@hostgator.com,Female,7.167.9.147
45,Paulie,Shorrock,pshorrock18@ucoz.ru,Female,45.6.10.225
46,Leroi,Clues,lclues19@delicious.com,Male,17.44.140.218
47,Willette,Espinas,wespinas1a@naver.com,Female,58.139.186.188
48,Henriette,Garroch,hgarroch1b@dedecms.com,Female,205.48.195.50
49,Jacquenette,Goroni,jgoroni1c@wikispaces.com,Female,233.35.18.128
50,Rand,Dagworthy,rdagworthy1d@booking.com,Male,62.102.238.201
51,Dalli,Spaldin,dspaldin1e@nymag.com,Male,150.75.210.68
52,Gaylene,Wapple,gwapple1f@google.co.uk,Female,147.117.97.35
53,Carmon,Edlyn,cedlyn1g@google.it,Female,225.150.151.233
54,Zacherie,Di Franceschi,zdifranceschi1h@blog.com,Male,184.107.40.107
55,Thatch,Osgar,tosgar1i@tiny.cc,Male,21.195.176.144
56,Vernice,Cornillot,vcornillot1j@jalbum.net,Female,12.125.167.157
57,Kerwinn,Garfitt,kgarfitt1k@prlog.org,Male,244.244.43.76
58,Daphna,Brodway,dbrodway1l@webeden.co.uk,Female,60.87.247.253
59,Debor,MacRitchie,dmacritchie1m@de.vu,Female,196.175.88.31
60,Jule,Corsan,jcorsan1n@vinaora.com,Male,222.150.85.140
61,Massimiliano,Simnel,msimnel1o@sun.com,Male,181.6.209.23
62,Coraline,Tift,ctift1p@soup.io,Female,108.223.34.118
63,Janette,Jenkin,jjenkin1q@cmu.edu,Female,57.231.74.177
64,Joella,Beckhouse,jbeckhouse1r@ifeng.com,Female,128.202.237.42
65,Wright,Dionisio,wdionisio1s@mapquest.com,Male,96.209.67.218
66,Lucine,Vigars,lvigars1t@oracle.com,Female,198.96.201.219
67,Huey,Startin,hstartin1u@dagondesign.com,Male,73.234.111.139
68,Astra,Bodsworth,abodsworth1v@wikimedia.org,Female,234.126.199.118
69,Alvinia,Willows,awillows1w@mac.com,Female,154.66.161.222
70,Adrian,Peebles,apeebles1x@reddit.com,Female,201.140.252.131
71,Jarvis,Yates,jyates1y@icq.com,Male,245.245.93.47
72,Flossy,Norcross,fnorcross1z@flavors.me,Female,190.169.33.68
73,Stern,Berthot,sberthot20@squidoo.com,Male,125.40.112.200
74,Harlie,Reside,hreside21@ucoz.com,Female,253.81.42.150
75,Lothaire,Aleksandrikin,laleksandrikin22@nifty.com,Male,255.128.225.62
76,Sonnnie,Calender,scalender23@nytimes.com,Female,66.176.55.150
77,Jeniffer,Koschek,jkoschek24@ovh.net,Female,2.248.15.86
78,Boycie,Kuhlmey,bkuhlmey25@sourceforge.net,Male,60.53.73.82
79,Elita,Turrill,eturrill26@last.fm,Female,179.117.252.78
80,Nananne,Kinvig,nkinvig27@chronoengine.com,Agender,31.185.6.218
81,Antonino,Stanlack,astanlack28@shutterfly.com,Male,185.171.152.8
82,Judas,Peris,jperis29@state.gov,Male,71.210.37.234
83,Conny,Edwin,cedwin2a@flickr.com,Male,144.166.112.20
84,Yale,Kurth,ykurth2b@cisco.com,Male,40.232.125.188
85,Marsh,Giovannelli,mgiovannelli2c@vkontakte.ru,Male,10.29.0.36
86,Adrian,Pautard,apautard2d@prnewswire.com,Male,35.130.235.206
87,Shanon,MacMeanma,smacmeanma2e@jimdo.com,Female,219.180.70.5
88,Barty,Ciccarello,bciccarello2f@gravatar.com,Male,100.161.61.125
89,Hermy,Domeney,hdomeney2g@bluehost.com,Male,114.28.68.128
90,Fields,Vallantine,fvallantine2h@last.fm,Male,254.64.75.184
91,Jarrad,Frantzen,jfrantzen2i@youtube.com,Male,39.188.86.43
92,Thaine,Sixsmith,tsixsmith2j@disqus.com,Male,149.70.239.61
93,Thibaut,Meatcher,tmeatcher2k@whitehouse.gov,Male,118.237.207.38
94,Daron,Puddin,dpuddin2l@google.it,Bigender,59.117.86.85
95,Rafaelia,Cooney,rcooney2m@amazon.co.uk,Female,162.134.110.253
96,Clarke,Greeson,cgreeson2n@dailymotion.com,Male,82.196.92.106
97,Fidelio,Crux,fcrux2o@ovh.net,Male,3.139.157.45
98,Petrina,Hukins,phukins2p@studiopress.com,Female,128.3.31.238
99,Efrem,Killiam,ekilliam2q@imgur.com,Genderqueer,212.90.180.18
100,Sharon,Inge,singe2r@craigslist.org,Female,19.152.53.149
101,Vallie,Benam,vbenam2s@printfriendly.com,Female,209.37.201.56
102,Clywd,Gilders,cgilders2t@e-recht24.de,Male,208.54.92.126
103,Fawn,Cords,fcords2u@dion.ne.jp,Agender,145.39.254.133
104,Fredi,Freen,ffreen2v@purevolume.com,Female,120.223.91.206
105,Fitzgerald,Ventum,fventum2w@dyndns.org,Male,59.41.41.212
106,Latashia,Saill,lsaill2x@plala.or.jp,Female,214.116.237.173
107,Bentlee,Toderini,btoderini2y@dot.gov,Male,231.16.101.29
108,Westbrook,Lakeland,wlakeland2z@exblog.jp,Genderfluid,56.118.199.167
109,Adore,Haizelden,ahaizelden30@comcast.net,Female,116.182.228.250
110,Antonio,Boother,aboother31@com.com,Male,93.148.69.162
111,Rivi,D'Arrigo,rdarrigo32@gov.uk,Female,17.39.212.158
112,Debor,Joret,djoret33@arstechnica.com,Female,230.130.196.144
113,Melamie,Jellicorse,mjellicorse34@scientificamerican.com,Female,134.246.62.46
114,Porty,Claessens,pclaessens35@kickstarter.com,Male,71.232.155.48
115,Loydie,Checchi,lchecchi36@squarespace.com,Male,163.42.148.30
116,Wesley,Mercik,wmercik37@elegantthemes.com,Male,191.88.164.243
117,Hershel,Bricket,hbricket38@over-blog.com,Male,16.74.90.115
118,Jackqueline,Gorrick,jgorrick39@cyberchimps.com,Genderqueer,190.93.35.21
119,Maddy,Kropach,mkropach3a@ning.com,Male,4.63.47.72
120,Muire,Perroni,mperroni3b@google.it,Polygender,86.118.97.14
121,Suzanna,Sapp,ssapp3c@vkontakte.ru,Female,238.42.80.134
122,Pansy,Readings,preadings3d@about.com,Female,104.37.44.94
123,Diann,Girvan,dgirvan3e@instagram.com,Female,247.14.72.230
124,Kessia,Capini,kcapini3f@com.com,Female,176.40.57.189
125,Gabi,Tregear,gtregear3g@unc.edu,Female,124.107.212.11
126,Terri,Widd,twidd3h@yahoo.co.jp,Female,176.16.38.133
127,Petronilla,Rouff,prouff3i@toplist.cz,Female,50.255.131.27
128,Lisle,Solomonides,lsolomonides3j@miibeian.gov.cn,Male,186.113.122.220
129,Brantley,Paine,bpaine3k@cdbaby.com,Male,54.85.25.208
130,Curt,Hertwell,chertwell3l@npr.org,Male,103.158.20.190
131,Rozamond,Neilan,rneilan3m@privacy.gov.au,Female,232.124.159.67
132,Alidia,Grishakin,agrishakin3n@fastcompany.com,Female,237.122.213.15
133,Ola,Diggles,odiggles3o@google.de,Female,168.67.236.84
134,Marne,Abelovitz,mabelovitz3p@timesonline.co.uk,Female,63.2.2.157
135,Bendix,Scoon,bscoon3q@patch.com,Male,52.65.189.62
136,Drucill,Sciacovelli,dsciacovelli3r@tuttocitta.it,Female,224.151.220.162
137,Mohandis,Blythin,mblythin3s@uiuc.edu,Male,106.161.12.89
138,Farleigh,Augur,faugur3t@geocities.com,Bigender,74.36.39.215
139,Cherish,Overlow,coverlow3u@kickstarter.com,Female,91.74.228.129
140,Maisey,Caughey,mcaughey3v@sbwire.com,Female,118.40.169.87
141,Jon,Cowlard,jcowlard3w@jigsy.com,Male,249.70.197.96
142,Zolly,Spinello,zspinello3x@tiny.cc,Male,10.63.129.89
143,Sybil,Vanderson,svanderson3y@tamu.edu,Female,26.64.112.18
144,Zebedee,Malatalant,zmalatalant3z@wiley.com,Male,234.175.236.143
145,Kaycee,Bromehead,kbromehead40@alexa.com,Female,237.117.27.119
146,Linette,Emig,lemig41@freewebs.com,Female,101.132.64.218
147,Marya,Andrey,mandrey42@twitter.com,Female,161.88.59.247
148,Edvard,Dawidowicz,edawidowicz43@wikipedia.org,Male,180.76.165.134
149,Hannis,Devons,hdevons44@pen.io,Female,126.105.140.73
150,Rhoda,Jantot,rjantot45@dion.ne.jp,Female,222.192.232.205
151,Kingston,O' Cuolahan,kocuolahan46@ning.com,Male,138.110.247.191
152,Muffin,Shiers,mshiers47@about.com,Genderqueer,39.133.97.70
153,Avril,Ida,aida48@ibm.com,Female,236.241.104.209
154,Anni,Culcheth,aculcheth49@imageshack.us,Female,213.96.177.83
155,Chet,Weatherall,cweatherall4a@gravatar.com,Male,243.69.137.99
156,Yoshi,Bruggeman,ybruggeman4b@bluehost.com,Female,66.204.179.218
157,Craig,Varley,cvarley4c@wufoo.com,Male,200.201.60.87
158,Emalia,Vaudrey,evaudrey4d@home.pl,Female,119.151.189.14
159,Zahara,Mattisson,zmattisson4e@sciencedirect.com,Female,71.147.241.246
160,Enoch,Pardey,epardey4f@businesswire.com,Male,110.25.223.70
161,Laurella,McGillivray,lmcgillivray4g@tinypic.com,Female,72.139.164.196
162,Jenine,Edlyn,jedlyn4h@ted.com,Female,122.42.163.106
163,Rona,Dorken,rdorken4i@yahoo.com,Female,54.175.217.24
164,Tito,Pim,tpim4j@buzzfeed.com,Male,10.177.28.7
165,Pier,Dmitrovic,pdmitrovic4k@boston.com,Female,60.47.116.16
166,Jeremiah,Swatton,jswatton4l@paginegialle.it,Male,140.114.49.181
167,Wolf,Theriot,wtheriot4m@wix.com,Male,49.198.149.95
168,Rennie,Briar,rbriar4n@icio.us,Female,180.107.142.140
169,Trina,Trenam,ttrenam4o@samsung.com,Female,94.173.251.133
170,Pansie,Jury,pjury4p@liveinternet.ru,Female,59.236.245.240
171,Sonnnie,Lilian,slilian4q@umn.edu,Female,120.89.75.74
172,Adriano,Holligan,aholligan4r@redcross.org,Male,157.226.115.107
173,Doe,Sloane,dsloane4s@cisco.com,Female,131.19.21.32
174,Heath,Ingleby,hingleby4t@example.com,Female,154.166.38.101
175,Udale,Torri,utorri4u@ebay.co.uk,Male,49.18.179.156
176,Joannes,O'Keenan,jokeenan4v@walmart.com,Genderfluid,39.46.206.125
177,Xymenes,Silly,xsilly4w@elpais.com,Male,177.53.61.34
178,Keefer,Broune,kbroune4x@joomla.org,Male,102.229.158.218
179,Aleksandr,Nettle,anettle4y@theguardian.com,Male,229.162.24.235
180,Irv,Baugh,ibaugh4z@berkeley.edu,Male,28.73.11.95
181,Jabez,Saurat,jsaurat50@soundcloud.com,Male,165.116.193.67
182,Barry,Gove,bgove51@vistaprint.com,Male,119.90.73.92
183,L;urette,Briton,lbriton52@ezinearticles.com,Female,24.188.200.69
184,Stephen,Simeoni,ssimeoni53@dropbox.com,Male,203.14.33.196
185,Tomkin,Oseman,toseman54@indiegogo.com,Male,53.209.46.198
186,Cosme,Haith,chaith55@hostgator.com,Male,242.1.209.170
187,Marlo,Davana,mdavana56@rambler.ru,Female,90.95.184.174
188,Conroy,Winterflood,cwinterflood57@pen.io,Male,134.110.78.229
189,Tremayne,Menilove,tmenilove58@friendfeed.com,Male,108.110.106.232
190,Reamonn,Drewell,rdrewell59@moonfruit.com,Male,115.66.145.109
191,Concettina,O'Corr,cocorr5a@mediafire.com,Female,204.137.78.6
192,Ted,Fundell,tfundell5b@narod.ru,Female,47.122.143.5
193,Ailsun,Willsmore,awillsmore5c@artisteer.com,Female,139.199.63.68
194,Shellysheldon,Baudains,sbaudains5d@alexa.com,Male,76.200.5.87
195,Juliane,Micklem,jmicklem5e@csmonitor.com,Female,175.22.0.216
196,Adolf,Bromell,abromell5f@rediff.com,Male,247.216.213.9
197,Ryley,Levick,rlevick5g@umn.edu,Male,23.47.10.157
198,Steward,Hanstock,shanstock5h@hibu.com,Bigender,253.38.238.141
199,Odey,Orbine,oorbine5i@prlog.org,Male,35.121.46.246
200,Reinold,Coopland,rcoopland5j@istockphoto.com,Male,174.133.142.249
201,Bridgette,Budibent,bbudibent5k@wsj.com,Non-binary,37.2.99.209
202,Berri,Hargreaves,bhargreaves5l@baidu.com,Genderfluid,205.144.1.78
203,Orelie,Malling,omalling5m@163.com,Female,192.152.227.135
204,Cherlyn,Edelston,cedelston5n@reference.com,Female,15.142.85.250
205,Halsey,Burless,hburless5o@delicious.com,Male,142.91.169.104
206,Hamid,La Croce,hlacroce5p@over-blog.com,Male,178.83.1.19
207,Joachim,Hearfield,jhearfield5q@example.com,Male,93.171.53.209
208,Nydia,McPolin,nmcpolin5r@amazon.com,Female,112.249.89.237
209,Hadria,Turmell,hturmell5s@pcworld.com,Female,137.109.240.237
210,Ilka,Jaye,ijaye5t@google.com.hk,Female,27.201.167.61
211,Sawyer,Hildred,shildred5u@creativecommons.org,Male,82.5.179.234
212,Evangelina,Worcs,eworcs5v@ucsd.edu,Female,64.144.24.113
213,Garvy,Leppo,gleppo5w@utexas.edu,Male,15.231.126.193
214,Shanon,Pinchen,spinchen5x@sourceforge.net,Female,216.122.131.146
215,Robert,Kilby,rkilby5y@theglobeandmail.com,Bigender,89.1.173.239
216,Sam,Rubega,srubega5z@free.fr,Male,120.11.116.105
217,Sue,Kilborn,skilborn60@dmoz.org,Female,215.211.13.236
218,Clerkclaude,Norkett,cnorkett61@sfgate.com,Male,233.216.28.212
219,Roxie,Ayris,rayris62@hp.com,Female,57.7.85.21
220,Aloysius,Bartoloma,abartoloma63@constantcontact.com,Male,111.104.240.139
221,Rodie,Oliver-Paull,roliverpaull64@i2i.jp,Female,143.178.170.223
222,Fee,Debenham,fdebenham65@wikia.com,Male,205.255.128.23
223,Sheela,Gun,sgun66@mail.ru,Female,69.22.22.170
224,Emile,Phlippsen,ephlippsen67@adobe.com,Male,39.233.153.110
225,Franzen,Robart,frobart68@constantcontact.com,Male,83.67.104.189
226,Sisely,Mahedy,smahedy69@artisteer.com,Female,116.0.134.167
227,Graham,Wentworth,gwentworth6a@tmall.com,Male,64.103.4.142
228,Gizela,Miguel,gmiguel6b@tiny.cc,Female,47.251.42.24
229,Elmore,Brodie,ebrodie6c@nytimes.com,Male,221.219.49.198
230,Carny,Delion,cdelion6d@prnewswire.com,Male,72.29.192.230
231,Idelle,Claque,iclaque6e@un.org,Female,205.206.149.100
232,Randie,Burchard,rburchard6f@discuz.net,Male,22.224.144.120
233,Gina,Fullilove,gfullilove6g@wikia.com,Female,105.165.59.37
234,Lawton,Joburn,ljoburn6h@zdnet.com,Male,68.107.183.28
235,Heindrick,Maddison,hmaddison6i@mediafire.com,Male,166.76.171.160
236,Tan,Aim,taim6j@webeden.co.uk,Male,110.186.195.202
237,Drucie,Firbanks,dfirbanks6k@google.fr,Female,184.180.178.93
238,Torrence,Dundin,tdundin6l@istockphoto.com,Male,10.85.69.61
239,Fern,Thews,fthews6m@nbcnews.com,Bigender,151.159.155.113
240,Aloin,Bramford,abramford6n@ihg.com,Male,197.127.83.16
241,Christos,Wyer,cwyer6o@loc.gov,Male,22.243.165.76
242,Dewie,Rampage,drampage6p@ovh.net,Bigender,57.18.215.176
243,Aurea,Kopf,akopf6q@sourceforge.net,Female,3.223.40.37
244,Sampson,Boteman,sboteman6r@youku.com,Polygender,45.98.142.213
245,Immanuel,Reoch,ireoch6s@mlb.com,Male,88.95.152.58
246,Gwyn,Laffoley-Lane,glaffoleylane6t@hc360.com,Female,194.210.106.10
247,Jarret,Mintrim,jmintrim6u@istockphoto.com,Male,160.216.126.183
248,Mommy,Lodevick,mlodevick6v@ucsd.edu,Female,151.46.80.129
249,Dorice,Rowston,drowston6w@craigslist.org,Female,178.181.11.70
250,Dollie,Hucknall,dhucknall6x@pagesperso-orange.fr,Female,99.216.128.59
251,Kev,Gringley,kgringley6y@reverbnation.com,Male,176.250.46.107
252,Agosto,Mailes,amailes6z@unesco.org,Male,158.133.89.82
253,Timoteo,Bartle,tbartle70@so-net.ne.jp,Male,98.255.162.193
254,Isacco,West-Frimley,iwestfrimley71@slideshare.net,Male,96.67.52.111
255,Gerrie,Thirlaway,gthirlaway72@purevolume.com,Female,18.10.229.139
256,Shelba,Feechum,sfeechum73@nhs.uk,Female,63.233.175.124
257,Cly,Mary,cmary74@time.com,Bigender,19.32.78.158
258,Naomi,Sturch,nsturch75@acquirethisname.com,Female,16.182.109.103
259,Stacee,Leipold,sleipold76@tiny.cc,Female,119.125.17.57
260,Mauricio,Trinkwon,mtrinkwon77@prweb.com,Male,151.113.235.55
261,Godiva,Appleton,gappleton78@constantcontact.com,Female,98.121.147.84
262,Georgena,Beggi,gbeggi79@canalblog.com,Female,21.149.198.78
263,Vasily,Yannikov,vyannikov7a@engadget.com,Male,249.215.20.76
264,Valentine,Chaudron,vchaudron7b@latimes.com,Male,218.138.66.39
265,Nestor,Jervis,njervis7c@uiuc.edu,Male,84.156.219.150
266,Ned,Marc,nmarc7d@wikia.com,Male,128.19.82.90
267,Broddie,Messiter,bmessiter7e@xing.com,Male,77.140.111.103
268,Nita,Lovewell,nlovewell7f@technorati.com,Female,152.17.156.24
269,Miranda,Reggler,mreggler7g@pinterest.com,Female,4.165.126.177
270,Arlin,Cardenas,acardenas7h@ebay.co.uk,Male,87.5.25.228
271,Mose,Mapes,mmapes7i@seesaa.net,Male,231.12.131.92
272,Barr,Gianulli,bgianulli7j@homestead.com,Male,242.78.239.215
273,Dyan,Hearfield,dhearfield7k@samsung.com,Female,133.233.154.184
274,Marietta,Ingall,mingall7l@sphinn.com,Male,33.81.62.221
275,Wynny,Van Ross,wvanross7m@stanford.edu,Female,144.110.79.21
276,Zitella,Marzello,zmarzello7n@google.com.hk,Female,141.162.87.193
277,Riley,Drowsfield,rdrowsfield7o@army.mil,Male,75.223.236.29
278,Giorgi,Collumbell,gcollumbell7p@liveinternet.ru,Genderqueer,234.89.40.102
279,Joly,Rampage,jrampage7q@sogou.com,Female,204.193.186.34
280,Ann-marie,Storck,astorck7r@indiatimes.com,Female,58.151.206.226
281,Nero,Cruz,ncruz7s@comsenz.com,Male,244.146.227.166
282,Conway,Fullagar,cfullagar7t@ibm.com,Male,12.107.21.47
283,Aura,Crofthwaite,acrofthwaite7u@123-reg.co.uk,Female,157.185.103.25
284,Erda,Clines,eclines7v@vk.com,Female,226.202.57.190
285,Hans,Mendenhall,hmendenhall7w@so-net.ne.jp,Male,189.138.3.187
286,Merrielle,Gyngell,mgyngell7x@soundcloud.com,Female,181.213.68.142
287,Blake,Woliter,bwoliter7y@myspace.com,Male,100.77.126.243
288,Joela,Snaddin,jsnaddin7z@squidoo.com,Female,137.208.166.87
289,Tammie,Simcox,tsimcox80@smh.com.au,Male,23.94.155.247
290,Mandi,Strutley,mstrutley81@wsj.com,Genderfluid,2.166.129.75
291,Caresa,Archbutt,carchbutt82@mysql.com,Polygender,251.83.9.16
292,Josepha,Verty,jverty83@un.org,Female,41.81.63.62
293,Dulcy,Holligan,dholligan84@stanford.edu,Female,153.79.180.206
294,Elly,Gosswell,egosswell85@google.pl,Female,249.135.87.146
295,Ethelyn,Dessaur,edessaur86@flickr.com,Female,176.126.1.112
296,Blisse,Egle,begle87@adobe.com,Female,186.143.180.173
297,Livy,Shorbrook,lshorbrook88@businessweek.com,Bigender,20.60.32.172
298,Andrey,Gabotti,agabotti89@theatlantic.com,Polygender,251.214.132.157
299,Rorke,Oboy,roboy8a@1688.com,Male,66.190.208.111
300,Boote,FitzGilbert,bfitzgilbert8b@intel.com,Male,50.86.173.26
301,Amandie,MacMenamin,amacmenamin8c@apache.org,Non-binary,78.210.251.33
302,Rianon,Dugood,rdugood8d@biglobe.ne.jp,Female,141.196.151.3
303,Kirsten,Dumini,kdumini8e@dot.gov,Polygender,177.187.255.123
304,Curtis,Bruneton,cbruneton8f@prweb.com,Male,236.187.150.1
305,Phoebe,Zeal,pzeal8g@engadget.com,Female,3.201.205.12
306,Burnaby,Redhouse,bredhouse8h@ucoz.ru,Male,34.173.161.33
307,Marna,De Vaar,mdevaar8i@nps.gov,Female,170.255.163.218
308,Desmond,Izakov,dizakov8j@domainmarket.com,Male,147.189.128.50
309,Maximilian,Raeside,mraeside8k@cornell.edu,Male,191.176.208.86
310,Kassia,Rackstraw,krackstraw8l@oaic.gov.au,Female,108.88.132.94
311,Clare,Yaldren,cyaldren8m@jalbum.net,Male,129.61.65.242
312,Thibaud,Gibling,tgibling8n@google.co.uk,Male,112.226.182.58
313,Myrwyn,Cottell,mcottell8o@cpanel.net,Male,26.102.21.224
314,Leigh,Hallgalley,lhallgalley8p@gnu.org,Non-binary,62.140.156.48
315,Melina,Hender,mhender8q@1688.com,Female,206.175.98.48
316,Pier,Mattiuzzi,pmattiuzzi8r@yahoo.co.jp,Polygender,80.110.112.52
317,Codi,Porch,cporch8s@twitpic.com,Male,103.56.91.164
318,Oralie,Schuelcke,oschuelcke8t@list-manage.com,Female,25.61.233.250
319,Boone,Lytlle,blytlle8u@sphinn.com,Male,207.194.101.42
320,Eddy,Donizeau,edonizeau8v@va.gov,Female,209.55.98.151
321,Gabe,Brouard,gbrouard8w@jalbum.net,Male,203.142.47.253
322,Oliy,Boshell,oboshell8x@pinterest.com,Female,45.170.144.251
323,Lacy,Anstey,lanstey8y@sitemeter.com,Female,167.0.225.143
324,Viviene,Grabert,vgrabert8z@rakuten.co.jp,Female,173.132.216.128
325,Garek,Glasson,gglasson90@booking.com,Male,153.33.227.103
326,Layney,Feetham,lfeetham91@php.net,Genderqueer,252.185.70.183
327,Nancey,Oaker,noaker92@google.fr,Female,167.245.186.201
328,Gwynne,Othick,gothick93@cargocollective.com,Female,75.251.92.104
329,Marna,Lamasna,mlamasna94@noaa.gov,Female,3.186.124.24
330,Elizabeth,Southcombe,esouthcombe95@china.com.cn,Female,84.79.223.18
331,Mortimer,MacCaffery,mmaccaffery96@nature.com,Bigender,135.179.87.6
332,Nero,Jerdein,njerdein97@java.com,Male,174.108.169.190
333,Kean,Case,kcase98@illinois.edu,Male,31.147.169.149
334,Fionna,Erskin,ferskin99@howstuffworks.com,Female,19.78.167.160
335,Lucho,Bertolaccini,lbertolaccini9a@tiny.cc,Male,100.36.89.104
336,Killian,Goggin,kgoggin9b@mayoclinic.com,Male,129.195.26.75
337,Stesha,Barbosa,sbarbosa9c@hubpages.com,Polygender,206.237.160.8
338,Hill,Paulson,hpaulson9d@seattletimes.com,Male,138.78.209.176
339,Riley,Lambert,rlambert9e@yellowbook.com,Male,199.120.143.242
340,Mimi,Edlestone,medlestone9f@google.com.au,Female,184.101.219.60
341,Andreana,Dowall,adowall9g@tripod.com,Female,131.62.15.64
342,Carissa,Jewar,cjewar9h@hc360.com,Female,233.183.11.97
343,Jonie,Boules,jboules9i@icio.us,Non-binary,215.23.81.42
344,Teador,Britney,tbritney9j@skyrock.com,Male,138.92.25.46
345,Cacilie,Larcher,clarcher9k@mac.com,Female,26.173.61.120
346,Maggi,Duigenan,mduigenan9l@telegraph.co.uk,Female,144.212.198.153
347,Reece,Dabels,rdabels9m@abc.net.au,Male,245.176.30.37
348,Engelbert,Halliberton,ehalliberton9n@state.gov,Male,248.124.83.226
349,Renaldo,Columbine,rcolumbine9o@mapy.cz,Male,208.226.148.83
350,Katharina,MacParlan,kmacparlan9p@usatoday.com,Female,154.40.201.234
351,Sharity,Youtead,syoutead9q@businessinsider.com,Female,195.101.102.49
352,Patty,Greenly,pgreenly9r@php.net,Male,192.93.151.228
353,Jere,Hilliam,jhilliam9s@amazon.de,Bigender,235.152.247.97
354,Noe,Gordon-Giles,ngordongiles9t@storify.com,Male,51.223.104.26
355,Purcell,Tomkys,ptomkys9u@purevolume.com,Male,44.112.97.237
356,Rivkah,Banyard,rbanyard9v@a8.net,Female,175.16.82.51
357,Dunc,Barden,dbarden9w@google.com.au,Male,109.255.97.217
358,Hoebart,Cicero,hcicero9x@devhub.com,Male,22.233.213.33
359,Alexina,Downham,adownham9y@fda.gov,Female,216.175.14.253
360,Dorry,Spinetti,dspinetti9z@vistaprint.com,Female,107.221.218.201
361,Locke,Hundal,lhundala0@yahoo.com,Male,138.93.10.198
362,Beltran,McGahy,bmcgahya1@japanpost.jp,Male,188.65.31.137
363,Lyndy,Huot,lhuota2@washingtonpost.com,Female,46.138.173.145
364,Ulysses,Coady,ucoadya3@digg.com,Male,248.36.115.253
365,Brandais,Snelling,bsnellinga4@sun.com,Female,96.103.136.95
366,Kylie,Matej,kmateja5@soup.io,Male,245.108.126.195
367,Saleem,Hinder,shindera6@webeden.co.uk,Male,172.80.230.228
368,Ambrose,Blamires,ablamiresa7@fema.gov,Male,30.41.160.153
369,Husein,Sandeland,hsandelanda8@google.com.br,Male,87.122.220.186
370,Sean,Coppenhall,scoppenhalla9@imageshack.us,Female,149.169.39.99
371,Harri,Dunaway,hdunawayaa@shareasale.com,Female,76.30.179.253
372,Wallie,Double,wdoubleab@yolasite.com,Male,151.112.169.228
373,Ewan,Gowrich,egowrichac@freewebs.com,Male,201.119.115.238
374,Cull,Meece,cmeecead@scribd.com,Male,128.197.130.30
375,Gar,Leijs,gleijsae@instagram.com,Male,111.36.1.88
376,Andres,Dyment,adymentaf@cmu.edu,Male,1.213.95.225
377,Magdalene,Tansly,mtanslyag@baidu.com,Female,138.192.64.214
378,Barbie,Duffitt,bduffittah@mayoclinic.com,Female,179.200.236.10
379,Binnie,Bartoshevich,bbartoshevichai@yale.edu,Genderfluid,155.103.81.124
380,Glenden,Dikels,gdikelsaj@cnn.com,Non-binary,236.167.2.68
381,Ora,Dark,odarkak@si.edu,Female,164.84.27.53
382,Nelli,De Fraine,ndefraineal@squarespace.com,Female,113.252.17.138
383,Amandie,Caesar,acaesaram@usatoday.com,Genderfluid,254.137.16.137
384,Letitia,Casson,lcassonan@rambler.ru,Polygender,92.28.188.134
385,Andris,Lippitt,alippittao@pinterest.com,Male,208.170.88.110
386,Maury,Udey,mudeyap@dyndns.org,Male,87.247.81.172
387,Rand,Pinch,rpinchaq@hhs.gov,Male,83.243.142.93
388,Ewart,Bowbrick,ebowbrickar@homestead.com,Male,238.188.3.36
389,Alphard,Natwick,anatwickas@businesswire.com,Male,206.43.206.61
390,Reinald,Wishart,rwishartat@yahoo.com,Male,238.213.166.66
391,Daisey,O'Hagirtie,dohagirtieau@twitter.com,Agender,179.5.219.194
392,Donelle,Comettoi,dcomettoiav@networksolutions.com,Genderfluid,114.156.90.194
393,Kelley,Riddeough,kriddeoughaw@ocn.ne.jp,Male,236.234.12.116
394,Elle,Bubb,ebubbax@fastcompany.com,Female,102.83.62.217
395,Bobbie,Paulazzi,bpaulazziay@technorati.com,Agender,175.151.129.174
396,Aida,Fahy,afahyaz@senate.gov,Female,3.106.170.117
397,Mikey,Ellwood,mellwoodb0@cnn.com,Male,73.104.85.91
398,Aurelea,Greig,agreigb1@sakura.ne.jp,Female,158.50.143.178
399,Quinlan,Fowlestone,qfowlestoneb2@gmpg.org,Male,77.1.164.215
400,Hesther,Souza,hsouzab3@boston.com,Female,79.218.7.190
401,Tobin,Abrahamoff,tabrahamoffb4@amazon.com,Male,79.112.180.72
402,Agneta,Sergeant,asergeantb5@booking.com,Female,151.159.26.108
403,Shelly,Lehmann,slehmannb6@eventbrite.com,Female,237.176.73.160
404,Dale,Ffoulkes,dffoulkesb7@vistaprint.com,Bigender,206.153.205.38
405,Jasmina,Whetton,jwhettonb8@creativecommons.org,Female,0.58.24.69
406,Kurt,Shynn,kshynnb9@pcworld.com,Male,95.15.157.200
407,Demetri,Matovic,dmatovicba@reddit.com,Genderqueer,183.195.47.223
408,Amalia,Pavlovic,apavlovicbb@telegraph.co.uk,Female,197.149.32.111
409,Debby,Colkett,dcolkettbc@discovery.com,Female,80.118.8.23
410,Arel,Carrett,acarrettbd@issuu.com,Male,223.222.103.169
411,Heath,Macieiczyk,hmacieiczykbe@google.co.jp,Male,96.194.40.140
412,Alley,Mutimer,amutimerbf@hp.com,Male,198.64.46.94
413,Terence,Witul,twitulbg@uol.com.br,Male,43.176.67.92
414,Silva,Tupling,stuplingbh@weebly.com,Female,6.68.124.155
415,Flory,Sertin,fsertinbi@yolasite.com,Female,33.112.175.15
416,Tresa,Kasher,tkasherbj@ibm.com,Female,80.178.198.8
417,Layla,Beddows,lbeddowsbk@mediafire.com,Agender,120.201.160.111
418,Megan,Arnaudi,marnaudibl@accuweather.com,Genderfluid,149.7.245.105
419,Lazar,Wyper,lwyperbm@t-online.de,Male,85.222.9.165
420,Reid,Lutton,rluttonbn@ameblo.jp,Male,17.104.19.77
421,Kalila,Pawellek,kpawellekbo@purevolume.com,Female,166.152.135.39
422,Gianina,Talton,gtaltonbp@yahoo.co.jp,Female,162.172.73.5
423,Ermanno,Ablewhite,eablewhitebq@newsvine.com,Male,39.45.49.233
424,Darbie,Brekonridge,dbrekonridgebr@hexun.com,Female,57.74.131.238
425,Lek,Bloxholm,lbloxholmbs@npr.org,Male,147.199.188.73
426,Ella,Torri,etorribt@altervista.org,Female,89.33.77.23
427,Lindy,Grimolbie,lgrimolbiebu@dell.com,Female,6.143.184.94
428,Neilla,Heeley,nheeleybv@imdb.com,Female,31.132.96.96
429,Ethel,Luparto,elupartobw@archive.org,Female,28.148.122.147
430,Abram,Edland,aedlandbx@biglobe.ne.jp,Male,189.133.244.147
431,Delmar,Campey,dcampeyby@liveinternet.ru,Polygender,71.0.26.203
432,Becca,Weekley,bweekleybz@canalblog.com,Female,172.249.44.44
433,Winonah,Siddaley,wsiddaleyc0@hostgator.com,Female,251.17.97.204
434,Adela,Beese,abeesec1@about.me,Female,43.243.24.37
435,Sharlene,Mary,smaryc2@zimbio.com,Female,145.193.196.242
436,Germain,McBratney,gmcbratneyc3@blog.com,Female,91.92.51.24
437,Wright,Bohills,wbohillsc4@timesonline.co.uk,Male,182.31.144.241
438,Teodora,Weatherell,tweatherellc5@abc.net.au,Genderfluid,206.54.107.210
439,Consolata,Spurdon,cspurdonc6@csmonitor.com,Female,65.33.48.33
440,Della,Huniwall,dhuniwallc7@google.com.br,Female,236.121.154.113
441,Serge,Redmell,sredmellc8@uol.com.br,Male,66.192.235.232
442,Jaclyn,Shallo,jshalloc9@squidoo.com,Female,192.83.137.143
443,Desmund,Dahill,ddahillca@networksolutions.com,Male,204.190.142.53
444,Max,Lupton,mluptoncb@jigsy.com,Male,4.203.197.195
445,Jacintha,Spraberry,jspraberrycc@youtu.be,Female,221.34.78.230
446,Goddart,Hasney,ghasneycd@reverbnation.com,Male,153.3.4.132
447,Kippie,Sherrock,ksherrockce@twitpic.com,Female,187.253.137.120
448,Jacklin,Pudan,jpudancf@360.cn,Female,164.201.52.215
449,Denice,Shiel,dshielcg@angelfire.com,Female,180.89.154.66
450,Ive,Froude,ifroudech@noaa.gov,Male,183.46.88.205
451,Robena,Tapp,rtappci@google.co.jp,Female,163.121.219.59
452,Colly,Rousel,crouselcj@tumblr.com,Female,30.220.82.165
453,Storm,Cooksley,scooksleyck@ucsd.edu,Female,79.96.56.87
454,Kort,Levensky,klevenskycl@independent.co.uk,Male,186.99.234.118
455,Virgie,Fiddyment,vfiddymentcm@woothemes.com,Female,192.95.46.225
456,Alain,Losseljong,alosseljongcn@nasa.gov,Male,132.144.119.91
457,Susanna,Crother,scrotherco@springer.com,Female,32.154.199.100
458,Cheslie,Toppin,ctoppincp@prnewswire.com,Female,205.68.97.94
459,Riane,Alessandrini,ralessandrinicq@nationalgeographic.com,Female,131.121.189.252
460,Starlene,Kissack,skissackcr@microsoft.com,Female,128.150.169.59
461,Rosalyn,Gantzer,rgantzercs@wikispaces.com,Female,216.94.253.139
462,Weston,Wreight,wwreightct@vkontakte.ru,Male,120.235.183.214
463,Fayth,Bene,fbenecu@vinaora.com,Female,124.24.45.239
464,Candida,Perschke,cperschkecv@skype.com,Female,77.167.248.94
465,Jacobo,Bridgman,jbridgmancw@comsenz.com,Male,81.218.74.102
466,Pammi,Cuzen,pcuzencx@chron.com,Female,168.180.38.59
467,Ynes,Lippett,ylippettcy@tripod.com,Female,191.141.41.3
468,Dyna,Andrejevic,dandrejeviccz@omniture.com,Genderfluid,19.238.12.177
469,Chris,Lambin,clambind0@state.gov,Female,175.231.131.202
470,Talbert,Monte,tmonted1@instagram.com,Male,65.177.133.155
471,Fair,Olkowicz,folkowiczd2@amazon.co.jp,Male,84.250.211.182
472,Jack,Cropp,jcroppd3@bloglines.com,Male,12.142.253.135
473,Silvana,Vanini,svaninid4@ft.com,Female,102.25.245.39
474,Philis,Gilhooley,pgilhooleyd5@baidu.com,Female,20.82.158.141
475,Austine,Gerb,agerbd6@delicious.com,Bigender,58.169.168.184
476,Jackson,Jopling,jjoplingd7@columbia.edu,Male,224.40.133.160
477,Dominga,Hanaby,dhanabyd8@plala.or.jp,Female,80.209.73.245
478,Wenonah,Jentle,wjentled9@instagram.com,Female,192.169.233.41
479,Barnabas,Frick,bfrickda@mashable.com,Male,39.67.99.215
480,Mela,Paolone,mpaolonedb@ted.com,Female,130.168.88.239
481,Hillary,Donaghy,hdonaghydc@utexas.edu,Male,80.62.204.236
482,Rodolfo,Aucott,raucottdd@go.com,Male,116.188.70.19
483,April,Jeffries,ajeffriesde@mit.edu,Female,198.205.44.246
484,Chane,Kinforth,ckinforthdf@sakura.ne.jp,Male,240.76.166.242
485,Tonya,Holbie,tholbiedg@digg.com,Female,158.91.192.122
486,Hewett,Licas,hlicasdh@hubpages.com,Male,25.12.60.118
487,Aldo,Oganesian,aoganesiandi@jalbum.net,Male,127.83.76.93
488,Prue,Parry,pparrydj@msu.edu,Female,148.241.174.123
489,Biron,Keyworth,bkeyworthdk@goo.ne.jp,Male,184.6.234.85
490,Audrey,Seligson,aseligsondl@1und1.de,Female,64.72.43.56
491,Glenine,Finnes,gfinnesdm@naver.com,Female,201.255.60.9
492,Madalena,Manass,mmanassdn@home.pl,Female,191.205.30.211
493,Floyd,Bellard,fbellarddo@t-online.de,Male,192.147.66.145
494,Brett,Greenmon,bgreenmondp@theguardian.com,Male,134.206.18.28
495,Catie,Calow,ccalowdq@clickbank.net,Female,204.122.13.39
496,Kassia,Carryer,kcarryerdr@photobucket.com,Female,202.58.222.243
497,Katleen,Rosenthaler,krosenthalerds@4shared.com,Agender,240.53.95.32
498,Rodd,Molineaux,rmolineauxdt@cafepress.com,Genderqueer,49.72.7.85
499,Tedie,Nesbit,tnesbitdu@cornell.edu,Male,97.229.220.190
500,Lotty,Cadalleder,lcadallederdv@myspace.com,Female,243.118.79.181
501,Olivier,Skocroft,oskocroftdw@skyrock.com,Male,149.231.154.254
502,Dewain,Pearn,dpearndx@moonfruit.com,Male,112.89.122.252
503,Averell,Bram,abramdy@bloglines.com,Male,207.192.100.90
504,Doreen,enzley,denzleydz@wsj.com,Female,144.200.74.218
505,Ambros,Formilli,aformillie0@feedburner.com,Male,136.61.235.124
506,Xerxes,Josefsen,xjosefsene1@issuu.com,Male,118.33.117.32
507,Burton,Rogliero,broglieroe2@statcounter.com,Male,205.240.184.202
508,Marielle,Billam,mbillame3@springer.com,Female,6.112.181.145
509,Barb,Espinha,bespinhae4@ox.ac.uk,Female,73.189.98.80
510,Grissel,Mouncey,gmounceye5@un.org,Female,2.183.118.178
511,Les,Wison,lwisone6@nymag.com,Male,56.216.12.187
512,Grenville,Gealy,ggealye7@dell.com,Male,182.147.218.63
513,Giffer,Comben,gcombene8@mail.ru,Male,54.22.255.150
514,Willis,Korting,wkortinge9@reddit.com,Male,10.109.245.232
515,Killian,Woodberry,kwoodberryea@topsy.com,Male,104.20.75.128
516,Tucky,Yabsley,tyabsleyeb@google.com.hk,Male,251.72.188.47
517,Rayna,Abbay,rabbayec@cpanel.net,Female,160.40.154.199
518,Michelle,Vaughten,mvaughtened@sciencedirect.com,Female,164.215.155.77
519,Dorry,Prate,dprateee@livejournal.com,Female,242.72.74.154
520,Marlo,Boman,mbomanef@google.com.hk,Female,99.150.21.201
521,Konstantin,Bicksteth,kbickstetheg@live.com,Male,146.54.32.208
522,Stan,McNess,smcnesseh@etsy.com,Male,188.148.181.4
523,Corbet,Maha,cmahaei@webeden.co.uk,Male,230.3.106.20
524,Regen,Vedyasov,rvedyasovej@livejournal.com,Male,58.65.7.160
525,Ede,Brauner,ebraunerek@creativecommons.org,Female,62.135.21.135
526,Maurizio,Van Leijs,mvanleijsel@economist.com,Male,77.246.103.166
527,Westleigh,Cookson,wcooksonem@hexun.com,Male,62.171.193.180
528,Zebulen,Dayton,zdaytonen@nationalgeographic.com,Male,187.61.255.117
529,Louis,Skull,lskulleo@utexas.edu,Male,12.144.59.141
530,Karin,Minchin,kminchinep@clickbank.net,Female,98.50.176.214
531,Emmye,Wortman,ewortmaneq@spiegel.de,Female,7.87.56.74
532,Griz,Marcus,gmarcuser@cnn.com,Male,206.197.2.146
533,Camey,Hurch,churches@wufoo.com,Male,249.231.233.20
534,Cathryn,Klousner,cklousneret@wikia.com,Genderqueer,40.105.3.152
535,Henrie,Jarrelt,hjarrelteu@hugedomains.com,Female,226.208.128.40
536,Delainey,MacGowan,dmacgowanev@npr.org,Genderqueer,209.131.235.163
537,Gordy,Reicharz,greicharzew@t-online.de,Male,128.232.193.192
538,Manuel,Winley,mwinleyex@histats.com,Male,205.134.184.113
539,Aguistin,McIlhone,amcilhoneey@webmd.com,Male,143.160.203.224
540,Lissy,Tallboy,ltallboyez@hexun.com,Female,29.232.173.87
541,Robinetta,Impey,rimpeyf0@ucoz.com,Female,7.163.126.139
542,Imogen,Sidery,isideryf1@unc.edu,Female,43.100.20.83
543,Ambur,O'Duane,aoduanef2@pbs.org,Female,230.57.156.240
544,Hayes,Philo,hphilof3@sun.com,Male,19.200.32.234
545,Hastie,McLice,hmclicef4@cornell.edu,Male,32.135.92.71
546,Barty,Brimilcome,bbrimilcomef5@bing.com,Male,118.206.32.98
547,Emmi,Hardan,ehardanf6@nps.gov,Female,237.165.131.209
548,Pryce,Jendricke,pjendrickef7@chronoengine.com,Male,75.128.160.233
549,Monica,Hartnell,mhartnellf8@linkedin.com,Female,172.87.160.173
550,Gael,Damrell,gdamrellf9@domainmarket.com,Female,135.154.202.226
551,Chan,Trotman,ctrotmanfa@free.fr,Male,194.106.20.98
552,Isiahi,Speaks,ispeaksfb@meetup.com,Male,83.255.164.100
553,Zoe,Gopsall,zgopsallfc@nba.com,Female,171.101.108.250
554,Yancy,Matfin,ymatfinfd@aboutads.info,Male,203.40.166.145
555,Page,Sappy,psappyfe@github.io,Male,224.167.100.119
556,Alfy,Miners,aminersff@hhs.gov,Female,162.7.215.102
557,Andria,Forte,afortefg@amazon.co.uk,Female,56.237.217.181
558,Fergus,Butland,fbutlandfh@ftc.gov,Male,18.246.0.182
559,Merissa,Bullcock,mbullcockfi@yahoo.com,Female,25.21.194.108
560,Karlotta,Putland,kputlandfj@techcrunch.com,Female,135.16.184.201
561,Ker,De Blasiis,kdeblasiisfk@kickstarter.com,Male,10.40.230.202
562,Keene,Corbet,kcorbetfl@vkontakte.ru,Male,83.69.68.146
563,Morrie,Di Ruggiero,mdiruggierofm@imdb.com,Polygender,7.103.17.118
564,Buckie,Gusney,bgusneyfn@dedecms.com,Male,11.246.217.158
565,Dniren,Vockins,dvockinsfo@amazon.de,Female,138.117.151.203
566,Steffi,Rispen,srispenfp@telegraph.co.uk,Female,94.163.90.182
567,Celestia,Dooney,cdooneyfq@discuz.net,Female,196.159.223.189
568,Goran,Jellyman,gjellymanfr@miitbeian.gov.cn,Male,124.85.226.173
569,Fionnula,Medcalf,fmedcalffs@businessweek.com,Female,41.38.87.183
570,Cornela,Loade,cloadeft@rakuten.co.jp,Female,180.92.119.27
571,Gregg,Izzard,gizzardfu@1und1.de,Male,191.38.102.118
572,Alden,Spurett,aspurettfv@facebook.com,Genderqueer,147.178.120.212
573,Suzanna,Anstead,sansteadfw@dyndns.org,Female,201.71.233.77
574,Willi,Arnoll,warnollfx@feedburner.com,Genderfluid,254.3.239.123
575,Mischa,Bealton,mbealtonfy@123-reg.co.uk,Male,79.249.55.105
576,Rabbi,Kivelhan,rkivelhanfz@scientificamerican.com,Male,242.30.95.73
577,Tandi,Tarborn,ttarborng0@tripadvisor.com,Female,170.57.226.14
578,Catherine,Rexworthy,crexworthyg1@bloomberg.com,Female,169.250.133.3
579,Stesha,Borrill,sborrillg2@ask.com,Female,238.143.238.175
580,Herve,Dederick,hdederickg3@buzzfeed.com,Male,150.207.123.253
581,Dione,Rymill,drymillg4@stanford.edu,Female,93.99.111.45
582,Owen,Janaszkiewicz,ojanaszkiewiczg5@admin.ch,Male,252.30.245.148
583,Kennedy,Rash,krashg6@last.fm,Male,121.62.123.156
584,Katuscha,Everil,keverilg7@biblegateway.com,Female,177.54.97.248
585,Lancelot,Hulcoop,lhulcoopg8@paypal.com,Male,94.20.244.187
586,Oswell,Inett,oinettg9@smugmug.com,Male,25.118.153.89
587,Willy,Scrafton,wscraftonga@opensource.org,Male,115.202.108.105
588,Zia,Eldridge,zeldridgegb@slate.com,Female,246.236.34.102
589,Josiah,Greenman,jgreenmangc@last.fm,Male,119.203.189.186
590,Hewe,Hegley,hhegleygd@wikia.com,Male,72.69.123.217
591,Shanta,Taplin,staplinge@dropbox.com,Female,58.108.201.160
592,Gregorius,Szymanowski,gszymanowskigf@cdbaby.com,Male,171.111.191.74
593,Lauralee,Hendin,lhendingg@surveymonkey.com,Female,44.48.162.73
594,Nanine,Ashbe,nashbegh@irs.gov,Female,220.84.254.73
595,Jamison,Scottrell,jscottrellgi@liveinternet.ru,Polygender,155.97.123.6
596,Larry,Gauntley,lgauntleygj@aboutads.info,Non-binary,83.149.56.199
597,Benton,Stickells,bstickellsgk@pen.io,Male,66.175.250.97
598,Lisa,Meachen,lmeachengl@sun.com,Agender,178.194.179.227
599,Leigh,Hawksley,lhawksleygm@wordpress.com,Male,5.165.67.186
600,Jule,Whaplington,jwhaplingtongn@gov.uk,Male,186.123.158.200
601,Gustavo,Kybbye,gkybbyego@example.com,Male,182.46.56.193
602,Ashlee,Doppler,adopplergp@sakura.ne.jp,Female,178.151.61.200
603,Jojo,Dolder,jdoldergq@blogs.com,Female,26.169.114.229
604,Dorey,Vaudrey,dvaudreygr@wikia.com,Male,92.155.189.54
605,Nikolas,Inold,ninoldgs@facebook.com,Male,249.146.86.43
606,Early,Ewebank,eewebankgt@photobucket.com,Male,106.124.76.53
607,Nevin,Harrowsmith,nharrowsmithgu@google.com.au,Male,51.91.26.48
608,Olimpia,Sydall,osydallgv@lycos.com,Female,125.35.177.175
609,Vina,Peregrine,vperegrinegw@businesswire.com,Agender,165.8.86.92
610,Simone,Vassar,svassargx@furl.net,Female,241.85.46.105
611,Bendite,Whitwell,bwhitwellgy@whitehouse.gov,Female,245.8.98.156
612,Bertrando,Yuryatin,byuryatingz@google.ru,Male,197.58.125.199
613,Iolande,Dowdell,idowdellh0@barnesandnoble.com,Bigender,12.196.117.24
614,Anitra,Kiledal,akiledalh1@epa.gov,Female,77.66.124.215
615,Gustave,Cargon,gcargonh2@lulu.com,Male,239.175.48.108
616,Siffre,O'Ferris,soferrish3@craigslist.org,Non-binary,232.142.203.78
617,Josefa,Lundon,jlundonh4@state.gov,Female,130.144.220.135
618,Vanny,Fronks,vfronksh5@comcast.net,Female,173.53.126.176
619,Ettore,Heimann,eheimannh6@barnesandnoble.com,Male,224.53.198.211
620,Hernando,Scales,hscalesh7@g.co,Male,122.122.87.160
621,Cybil,Wildt,cwildth8@canalblog.com,Female,61.155.217.255
622,Lotte,Sains,lsainsh9@ask.com,Female,214.222.18.220
623,Heinrick,Duetsche,hduetscheha@linkedin.com,Male,22.185.100.13
624,Amie,Linggard,alinggardhb@fema.gov,Female,147.238.112.169
625,Alexa,Rosenblum,arosenblumhc@reddit.com,Female,223.72.251.216
626,Stinky,Karlmann,skarlmannhd@smugmug.com,Male,101.215.42.182
627,Denney,Tangye,dtangyehe@nydailynews.com,Genderfluid,190.101.195.30
628,Mireille,Hatcliffe,mhatcliffehf@dot.gov,Female,216.27.217.47
629,Gerianna,Phython,gphythonhg@yahoo.co.jp,Female,110.50.10.149
630,Caesar,Brokenshire,cbrokenshirehh@kickstarter.com,Male,62.213.195.39
631,Waverley,Daveran,wdaveranhi@merriam-webster.com,Male,1.20.94.152
632,Fifine,Leedes,fleedeshj@storify.com,Polygender,201.247.55.186
633,Jude,Anthonsen,janthonsenhk@bandcamp.com,Non-binary,237.109.77.0
634,Cristian,Braganca,cbragancahl@fotki.com,Male,14.175.122.94
635,Gifford,Barnicott,gbarnicotthm@buzzfeed.com,Male,19.217.41.33
636,Grayce,Jayes,gjayeshn@1688.com,Female,208.184.180.160
637,Dore,Ropcke,dropckeho@sohu.com,Male,71.68.45.210
638,Jenine,Jewer,jjewerhp@smh.com.au,Female,161.89.228.250
639,Natalya,Gann,ngannhq@techcrunch.com,Female,15.214.252.245
640,Clayborn,Devonport,cdevonporthr@squarespace.com,Male,23.106.0.118
641,Keith,Brimley,kbrimleyhs@bizjournals.com,Male,31.142.186.107
642,Ynes,McEvay,ymcevayht@washington.edu,Agender,5.93.40.18
643,Car,Ifill,cifillhu@netlog.com,Male,137.127.239.254
644,Cornall,Andreasson,candreassonhv@walmart.com,Male,123.78.12.72
645,Darlleen,Reddington,dreddingtonhw@upenn.edu,Female,126.216.55.220
646,Allina,Briztman,abriztmanhx@ihg.com,Female,43.120.84.7
647,Nickola,Stollwerck,nstollwerckhy@fotki.com,Male,35.248.31.95
648,Drusie,Brugden,dbrugdenhz@pinterest.com,Female,109.198.45.156
649,Cleveland,Balharry,cbalharryi0@taobao.com,Male,249.82.139.39
650,Hebert,Castagnasso,hcastagnassoi1@de.vu,Male,141.57.124.155
651,Donnie,Millen,dmilleni2@psu.edu,Female,234.213.163.185
652,Theressa,Hakewell,thakewelli3@addthis.com,Female,77.206.20.166
653,Patty,Capeling,pcapelingi4@squidoo.com,Male,141.159.171.219
654,Johan,Di Frisco,jdifriscoi5@bizjournals.com,Male,98.92.98.164
655,Lelia,Stebbings,lstebbingsi6@bigcartel.com,Female,178.30.27.96
656,Luigi,Medlen,lmedleni7@cocolog-nifty.com,Male,230.115.227.50
657,Maxy,Tretwell,mtretwelli8@opera.com,Male,112.50.188.244
658,Denis,Ramelet,drameleti9@youtu.be,Male,41.182.53.139
659,Petra,Kopta,pkoptaia@is.gd,Female,198.101.145.100
660,Packston,Shrieve,pshrieveib@baidu.com,Male,65.143.14.109
661,Cathee,Lesslie,clesslieic@globo.com,Bigender,77.171.253.179
662,Valerie,Dedmam,vdedmamid@oracle.com,Female,100.244.38.222
663,Eldin,Higounet,ehigounetie@blogtalkradio.com,Male,187.228.193.125
664,Florri,Pinwell,fpinwellif@blogger.com,Female,221.217.113.27
665,Othilie,Josefsson,ojosefssonig@usnews.com,Female,200.115.104.205
666,Valentin,Wrigley,vwrigleyih@delicious.com,Male,75.38.24.86
667,Elmira,Letchford,eletchfordii@tiny.cc,Female,42.247.4.55
668,Maury,Bletcher,mbletcherij@bigcartel.com,Male,160.17.107.44
669,Leland,Poone,lpooneik@yellowbook.com,Female,185.188.52.107
670,Alia,Curedell,acuredellil@flavors.me,Female,203.5.231.164
671,Jarret,Bernakiewicz,jbernakiewiczim@simplemachines.org,Male,90.123.219.24
672,Davide,Brummell,dbrummellin@github.io,Male,232.70.107.255
673,Wright,Goshawke,wgoshawkeio@ucoz.ru,Male,32.82.152.155
674,Adriena,Favell,afavellip@youtu.be,Female,107.240.16.122
675,Lory,Moncur,lmoncuriq@google.com.au,Female,241.186.147.242
676,Kessia,Pimer,kpimerir@vkontakte.ru,Female,30.53.118.109
677,Lazare,Cockran,lcockranis@google.ca,Male,232.8.152.25
678,Ludovico,Brimicombe,lbrimicombeit@ftc.gov,Male,177.78.5.79
679,Jackie,Uman,jumaniu@webnode.com,Female,183.89.35.85
680,Ward,Hehl,whehliv@jiathis.com,Male,44.204.146.27
681,Ramsay,Eagles,reaglesiw@geocities.com,Male,81.134.193.99
682,Tyson,Sturdey,tsturdeyix@themeforest.net,Male,214.35.17.148
683,Kingsly,Lavies,klaviesiy@dot.gov,Genderfluid,0.36.243.48
684,Susanna,Raithby,sraithbyiz@sitemeter.com,Female,178.118.184.73
685,Briano,McNeil,bmcneilj0@fema.gov,Polygender,210.20.113.100
686,Theo,Tungay,ttungayj1@umich.edu,Male,89.51.141.237
687,Felicio,Yeaman,fyeamanj2@com.com,Male,83.104.78.155
688,Alwyn,Galton,agaltonj3@ustream.tv,Male,111.161.48.54
689,Dyan,Spofford,dspoffordj4@shutterfly.com,Female,64.175.63.114
690,Elvira,Loughney,eloughneyj5@tinyurl.com,Female,29.161.132.0
691,Jena,Jakobssen,jjakobssenj6@yandex.ru,Female,68.127.237.47
692,Barnabe,Laurant,blaurantj7@rediff.com,Male,219.250.147.200
693,Chrissy,Creese,ccreesej8@bizjournals.com,Male,237.98.68.43
694,Shina,Wateridge,swateridgej9@msn.com,Female,172.162.34.254
695,Brina,Janney,bjanneyja@sciencedaily.com,Agender,231.167.228.27
696,Ada,Arnott,aarnottjb@google.nl,Female,25.149.119.7
697,Skelly,Embleton,sembletonjc@ow.ly,Male,105.145.180.177
698,Wilden,Elgie,welgiejd@php.net,Male,64.188.62.238
699,Abba,Springett,aspringettje@sitemeter.com,Male,216.250.83.118
700,Bobby,Preskett,bpreskettjf@va.gov,Male,30.80.192.82
701,George,Jantet,gjantetjg@mlb.com,Genderqueer,3.171.90.13
702,Cullen,Pundy,cpundyjh@discovery.com,Male,21.189.209.63
703,Phylis,Ilyin,pilyinji@nydailynews.com,Female,207.161.191.246
704,Martha,Pollack,mpollackjj@marketwatch.com,Female,45.15.239.79
705,Hieronymus,Sugge,hsuggejk@gov.uk,Male,245.160.203.144
706,Eilis,Clover,ecloverjl@usa.gov,Female,254.164.1.181
707,Pepe,Mulbry,pmulbryjm@dailymotion.com,Male,12.150.116.1
708,Jacintha,Strudwick,jstrudwickjn@arizona.edu,Female,198.92.196.93
709,Peterus,Sneyd,psneydjo@mozilla.org,Male,224.31.154.246
710,Robenia,Stuehmeier,rstuehmeierjp@goodreads.com,Female,79.87.11.146
711,Cob,Allabush,callabushjq@newyorker.com,Male,222.33.186.14
712,Jerrine,Ousley,jousleyjr@lulu.com,Female,32.77.24.0
713,Katie,Cammis,kcammisjs@yelp.com,Female,173.75.78.192
714,Sharyl,Greenstock,sgreenstockjt@google.co.jp,Female,244.109.210.222
715,Samuele,MacMorland,smacmorlandju@amazon.com,Male,195.48.237.244
716,Webb,Kealey,wkealeyjv@gmpg.org,Male,156.116.34.132
717,Cherish,Thomton,cthomtonjw@spotify.com,Agender,125.153.175.10
718,Arther,Karpychev,akarpychevjx@dailymotion.com,Male,166.230.18.8
719,Harriett,Panons,hpanonsjy@blogtalkradio.com,Female,137.118.102.244
720,Cissiee,Guillart,cguillartjz@engadget.com,Female,198.86.235.237
721,Dorolisa,Lightowlers,dlightowlersk0@opensource.org,Female,84.147.84.33
722,Heath,Robelet,hrobeletk1@amazonaws.com,Female,233.126.81.113
723,Benyamin,Palombi,bpalombik2@soundcloud.com,Male,211.168.222.51
724,Taffy,Burchess,tburchessk3@google.ca,Polygender,111.71.191.156
725,Lou,Willison,lwillisonk4@bloomberg.com,Female,176.105.201.173
726,Bessy,Ropp,broppk5@apache.org,Female,16.15.123.219
727,Meredith,Alejo,malejok6@alexa.com,Male,235.241.127.67
728,Pepe,Roller,prollerk7@theatlantic.com,Genderqueer,87.198.240.200
729,Kim,Beiderbecke,kbeiderbeckek8@sourceforge.net,Male,136.126.14.228
730,Viviyan,Finnick,vfinnickk9@diigo.com,Female,146.22.192.81
731,Maurizia,Billows,mbillowska@pagesperso-orange.fr,Polygender,148.153.183.231
732,Natalee,Simionescu,nsimionescukb@lulu.com,Genderqueer,122.40.241.222
733,Tessie,Ironside,tironsidekc@fda.gov,Female,4.77.215.6
734,Douglass,Orgee,dorgeekd@360.cn,Male,1.31.39.201
735,Ciel,Rookwell,crookwellke@sina.com.cn,Female,192.239.73.121
736,Seymour,Wilhelmy,swilhelmykf@quantcast.com,Male,64.243.73.194
737,Marcela,Gerger,mgergerkg@epa.gov,Female,144.135.221.230
738,Shea,Annakin,sannakinkh@privacy.gov.au,Genderqueer,181.249.40.95
739,Valentine,Houchen,vhouchenki@prlog.org,Female,183.104.40.249
740,Clemmie,Sanson,csansonkj@hugedomains.com,Male,130.76.219.106
741,Louisa,Wardhaugh,lwardhaughkk@cnn.com,Female,110.9.52.163
742,Xymenes,Gasticke,xgastickekl@sohu.com,Polygender,250.105.214.217
743,Lester,Dyter,ldyterkm@loc.gov,Male,10.225.146.210
744,Magdalene,Gierek,mgierekkn@disqus.com,Female,163.97.68.156
745,Brynne,Andriss,bandrissko@irs.gov,Genderqueer,114.238.201.69
746,Maryrose,Finlason,mfinlasonkp@tuttocitta.it,Female,119.110.144.127
747,Catherine,Cornelisse,ccornelissekq@deliciousdays.com,Female,137.60.243.150
748,Alasdair,Williment,awillimentkr@ucsd.edu,Male,88.49.71.141
749,Brody,Endecott,bendecottks@ibm.com,Male,58.252.180.170
750,Owen,Pilsworth,opilsworthkt@sina.com.cn,Male,50.173.54.253
751,Filippo,Saggers,fsaggersku@spiegel.de,Male,236.164.196.167
752,Fionna,Barhem,fbarhemkv@walmart.com,Female,101.242.255.213
753,Richy,Newborn,rnewbornkw@plala.or.jp,Male,105.81.48.65
754,Heddie,Wreford,hwrefordkx@netvibes.com,Female,97.77.103.157
755,Chaim,Monckton,cmoncktonky@desdev.cn,Male,35.172.128.180
756,Natassia,Bould,nbouldkz@youtu.be,Female,211.80.20.216
757,Terrie,Newtown,tnewtownl0@angelfire.com,Female,166.142.99.78
758,Henrieta,Binyon,hbinyonl1@baidu.com,Female,77.24.224.18
759,Pat,Gramer,pgramerl2@deliciousdays.com,Male,138.36.65.41
760,Haywood,Cyster,hcysterl3@cloudflare.com,Male,77.86.132.204
761,Jodi,Ors,jorsl4@squarespace.com,Male,188.195.165.250
762,Dunstan,Zarb,dzarbl5@cisco.com,Male,81.254.66.254
763,Kore,Hellcat,khellcatl6@opera.com,Female,33.250.39.167
764,Almeta,Fraczek,afraczekl7@scribd.com,Female,136.94.80.84
765,Clemmie,Rosenwasser,crosenwasserl8@ftc.gov,Male,99.36.101.122
766,Derrik,Goudie,dgoudiel9@noaa.gov,Male,213.95.84.212
767,Garrett,Thibodeaux,gthibodeauxla@bloomberg.com,Male,36.56.151.51
768,Granthem,Smaleman,gsmalemanlb@cbc.ca,Genderfluid,199.207.79.78
769,Alida,Peris,aperislc@icq.com,Female,147.52.252.14
770,Kitty,Balcock,kbalcockld@irs.gov,Female,198.111.136.237
771,Mill,Ost,mostle@thetimes.co.uk,Male,154.201.33.240
772,Towney,Grotty,tgrottylf@github.com,Male,68.162.119.168
773,Cchaddie,Mitroshinov,cmitroshinovlg@example.com,Male,216.232.62.9
774,Romola,Petru,rpetrulh@kickstarter.com,Female,167.105.23.175
775,Thorny,Markwell,tmarkwellli@usatoday.com,Male,186.98.86.11
776,Gaile,Atack,gatacklj@mac.com,Male,96.18.99.67
777,Cornelius,Longmore,clongmorelk@chron.com,Male,115.76.109.68
778,Jemie,Houson,jhousonll@illinois.edu,Female,36.32.216.178
779,Carly,Sandercock,csandercocklm@bigcartel.com,Male,245.48.222.226
780,Troy,Goadbie,tgoadbieln@google.fr,Male,186.192.74.217
781,Rana,Beaven,rbeavenlo@icio.us,Female,230.152.125.174
782,Amble,Angric,aangriclp@stanford.edu,Male,75.9.163.37
783,Harv,Duncan,hduncanlq@1688.com,Male,174.144.121.254
784,Norman,Hamflett,nhamflettlr@cbc.ca,Agender,123.46.96.239
785,Sigismond,Worstall,sworstallls@purevolume.com,Male,24.89.103.82
786,Codee,Roma,cromalt@earthlink.net,Female,58.69.20.166
787,Terry,Barkley,tbarkleylu@scientificamerican.com,Female,27.228.197.254
788,Joscelin,Stoute,jstoutelv@multiply.com,Agender,67.96.160.248
789,Horace,Simka,hsimkalw@webeden.co.uk,Male,213.2.209.179
790,Bryanty,Follitt,bfollittlx@webs.com,Male,67.13.76.155
791,Hillel,Wylam,hwylamly@altervista.org,Male,106.244.15.85
792,Michel,Brickham,mbrickhamlz@nifty.com,Non-binary,46.201.22.156
793,Jsandye,Croser,jcroserm0@wordpress.org,Female,51.86.128.177
794,Martguerita,Cottrill,mcottrillm1@example.com,Female,107.51.231.175
795,Avrit,Heersma,aheersmam2@mozilla.org,Female,119.98.217.166
796,Crysta,McKeady,cmckeadym3@tripadvisor.com,Female,224.250.27.155
797,Nike,Winckworth,nwinckworthm4@amazon.co.uk,Female,121.235.163.199
798,Thurston,Pierucci,tpieruccim5@mail.ru,Male,240.107.149.174
799,Arri,Delamar,adelamarm6@phpbb.com,Male,241.51.199.54
800,Amabel,Wenban,awenbanm7@stanford.edu,Female,206.89.8.174
801,Ario,Risbridge,arisbridgem8@nbcnews.com,Male,247.185.217.48
802,Timmy,Flukes,tflukesm9@hao123.com,Male,160.202.121.78
803,Carmel,Pfeffel,cpfeffelma@pinterest.com,Female,175.40.8.244
804,Abra,Crowdy,acrowdymb@senate.gov,Female,13.149.194.38
805,Boyd,Heighton,bheightonmc@instagram.com,Male,217.75.230.71
806,Constance,Drable,cdrablemd@auda.org.au,Female,187.70.89.151
807,Marcus,Cantrill,mcantrillme@webmd.com,Male,220.212.60.49
808,Florette,Rivenzon,frivenzonmf@e-recht24.de,Female,244.50.144.178
809,Codie,Gilstin,cgilstinmg@ft.com,Male,102.227.59.152
810,Herve,Coda,hcodamh@freewebs.com,Male,9.182.61.40
811,Melisse,Letham,mlethammi@boston.com,Female,190.130.158.17
812,Paulie,Schimek,pschimekmj@cnet.com,Male,242.81.211.143
813,Magdalena,Ayers,mayersmk@admin.ch,Female,133.250.52.159
814,Scarlett,Short,sshortml@wunderground.com,Female,85.227.155.66
815,Leandra,Lipman,llipmanmm@yelp.com,Female,36.69.29.247
816,Berget,Fulton,bfultonmn@opera.com,Female,85.188.74.211
817,Ashlan,Abrahamsen,aabrahamsenmo@newsvine.com,Female,160.121.130.14
818,Zechariah,Walkinshaw,zwalkinshawmp@wix.com,Male,151.30.103.59
819,Lita,Deverson,ldeversonmq@i2i.jp,Female,98.135.241.230
820,Fedora,Reightley,freightleymr@1und1.de,Female,18.8.254.5
821,Broderick,Ganforthe,bganforthems@netlog.com,Male,227.104.198.29
822,Dewey,Grayland,dgraylandmt@scribd.com,Male,53.169.24.80
823,Ealasaid,Growy,egrowymu@facebook.com,Female,25.50.111.140
824,Darrell,Straun,dstraunmv@drupal.org,Male,144.229.73.109
825,Minnaminnie,Lincoln,mlincolnmw@google.ru,Female,99.124.85.188
826,Lynelle,Santino,lsantinomx@nature.com,Female,9.75.139.48
827,Augustin,Eliez,aeliezmy@wp.com,Male,197.181.73.113
828,Alberta,Gentry,agentrymz@virginia.edu,Female,211.200.206.178
829,Henry,Hannis,hhannisn0@ning.com,Male,114.9.143.166
830,Betsy,Brennon,bbrennonn1@ucoz.ru,Female,19.36.241.151
831,Von,Child,vchildn2@psu.edu,Male,110.62.231.160
832,Linette,Greenhow,lgreenhown3@mapy.cz,Female,200.159.216.132
833,Harmony,Ginnally,hginnallyn4@trellian.com,Female,81.63.194.73
834,Peadar,Geaney,pgeaneyn5@bandcamp.com,Male,55.235.86.13
835,Anny,McQuilliam,amcquilliamn6@blinklist.com,Female,155.123.218.250
836,Ludwig,Gianni,lgiannin7@is.gd,Male,236.85.169.87
837,Gabbie,Stud,gstudn8@istockphoto.com,Non-binary,126.173.62.139
838,Lilla,Parsonage,lparsonagen9@wikimedia.org,Female,137.21.130.77
839,Orella,Sheirlaw,osheirlawna@npr.org,Female,168.93.231.99
840,Theodoric,Jennery,tjennerynb@de.vu,Male,196.145.0.196
841,Florina,Toplin,ftoplinnc@scribd.com,Female,200.154.54.215
842,Saunders,Widd,swiddnd@amazon.com,Male,226.255.219.118
843,Norene,Gaythorpe,ngaythorpene@creativecommons.org,Female,42.151.207.219
844,Garreth,Cake,gcakenf@nps.gov,Male,132.3.47.199
845,Katya,Sherbrooke,ksherbrookeng@myspace.com,Female,104.69.20.174
846,Kerrie,Polack,kpolacknh@squarespace.com,Female,160.142.102.52
847,Genovera,Flowerden,gflowerdenni@shinystat.com,Female,121.198.38.201
848,Karoline,O'Tuohy,kotuohynj@istockphoto.com,Female,78.156.107.151
849,Joshuah,Priddis,jpriddisnk@nsw.gov.au,Male,33.198.167.244
850,Holly,McAuliffe,hmcauliffenl@imageshack.us,Male,115.204.188.220
851,Dill,Baalham,dbaalhamnm@hp.com,Male,64.220.145.168
852,Avril,Snowding,asnowdingnn@discovery.com,Female,241.252.119.137
853,Agustin,Maric,amaricno@twitpic.com,Male,58.146.51.83
854,Ricoriki,Scoates,rscoatesnp@mail.ru,Male,180.106.160.167
855,Kaleena,Eyers,keyersnq@digg.com,Female,214.61.193.64
856,Renato,Winham,rwinhamnr@webs.com,Male,82.82.119.97
857,Maurits,Mapes,mmapesns@ucoz.com,Male,186.203.205.12
858,Harrie,Assandri,hassandrint@hibu.com,Female,243.155.185.151
859,Trudy,Bullant,tbullantnu@skype.com,Female,52.4.183.52
860,Doroteya,Ruilton,druiltonnv@amazon.co.uk,Agender,17.103.0.200
861,Les,Goodbairn,lgoodbairnnw@blogs.com,Male,77.149.161.142
862,Pacorro,Baggallay,pbaggallaynx@archive.org,Male,153.54.40.212
863,Candra,Prozescky,cprozesckyny@reference.com,Female,6.84.208.144
864,Christie,Kleinerman,ckleinermannz@smh.com.au,Female,216.199.36.139
865,Aimil,Lowder,alowdero0@php.net,Female,64.178.248.2
866,Russ,Teffrey,rteffreyo1@hao123.com,Male,11.74.193.77
867,Dorena,Wadwell,dwadwello2@princeton.edu,Female,51.131.226.238
868,Lemuel,Searson,lsearsono3@state.tx.us,Male,252.40.87.184
869,Freda,Frenzel;,ffrenzelo4@bbb.org,Female,11.81.222.163
870,Agatha,De Giorgis,adegiorgiso5@imdb.com,Genderfluid,220.86.47.210
871,Khalil,Walkden,kwalkdeno6@ehow.com,Male,101.186.116.246
872,Natividad,Muldowney,nmuldowneyo7@delicious.com,Female,19.173.179.47
873,Myrilla,Murtagh,mmurtagho8@msu.edu,Female,51.221.187.125
874,Felike,Townby,ftownbyo9@youtu.be,Male,105.237.214.206
875,Georgi,Brumham,gbrumhamoa@jugem.jp,Male,221.29.241.242
876,Creight,Burrell,cburrellob@cisco.com,Agender,194.178.72.172
877,Samara,Samart,ssamartoc@nifty.com,Female,10.176.80.87
878,Judy,Glendinning,jglendinningod@jalbum.net,Genderfluid,88.33.20.136
879,Cymbre,Shellum,cshellumoe@wisc.edu,Female,224.17.126.223
880,Charil,Crosetti,ccrosettiof@technorati.com,Female,14.181.117.152
881,Trenna,Sowden,tsowdenog@redcross.org,Female,126.45.221.4
882,Ned,Gelland,ngellandoh@scientificamerican.com,Male,14.36.237.174
883,Tamas,Smelley,tsmelleyoi@skype.com,Male,228.111.80.28
884,Vevay,MacElholm,vmacelholmoj@ibm.com,Female,14.12.236.216
885,Jocelyn,Cisar,jcisarok@miitbeian.gov.cn,Non-binary,162.61.161.36
886,Ruben,Keedy,rkeedyol@is.gd,Male,45.164.47.250
887,Daniel,Canfield,dcanfieldom@sciencedaily.com,Male,80.71.126.104
888,Cecelia,Tames,ctameson@cnet.com,Female,244.88.7.41
889,Hillery,Nanuccioi,hnanuccioioo@bigcartel.com,Male,2.125.210.206
890,Adora,Otto,aottoop@soup.io,Female,159.189.174.27
891,Kelvin,Gummory,kgummoryoq@meetup.com,Male,112.188.64.21
892,Fionna,Falco,ffalcoor@ca.gov,Female,210.209.82.230
893,Lexi,Rought,lroughtos@mediafire.com,Polygender,81.171.7.16
894,Valaria,Possek,vpossekot@usnews.com,Female,11.58.87.84
895,Beatrisa,Spata,bspataou@homestead.com,Female,1.89.21.201
896,Amy,Gouny,agounyov@cisco.com,Female,106.24.197.72
897,Georgina,Manass,gmanassow@imageshack.us,Female,232.204.215.205
898,Gerrilee,Backson,gbacksonox@usda.gov,Female,45.107.103.52
899,Donnie,Haken,dhakenoy@vinaora.com,Male,124.76.175.219
900,Kelsi,Coggin,kcogginoz@weather.com,Female,98.244.140.170
901,Boone,Moorhouse,bmoorhousep0@ibm.com,Male,70.229.212.231
902,Paulita,Gregh,pgreghp1@vinaora.com,Polygender,4.74.84.158
903,Aleen,Coffin,acoffinp2@hao123.com,Female,128.9.96.76
904,Woodrow,Peele,wpeelep3@ycombinator.com,Male,23.246.135.57
905,Ronnie,Lampens,rlampensp4@bigcartel.com,Male,23.250.238.45
906,Kahlil,Cordero,kcorderop5@ca.gov,Male,53.128.241.202
907,Tilda,Piwell,tpiwellp6@youtube.com,Female,144.235.113.153
908,Keen,Sabben,ksabbenp7@hp.com,Male,92.8.193.42
909,Orion,Schlag,oschlagp8@de.vu,Male,67.104.109.248
910,Levey,Micheu,lmicheup9@newyorker.com,Male,165.110.183.234
911,Scarlet,Poundford,spoundfordpa@vistaprint.com,Female,153.156.177.210
912,Obediah,Rodder,orodderpb@webeden.co.uk,Male,75.218.50.150
913,Guglielma,Girardengo,ggirardengopc@imgur.com,Female,243.195.253.248
914,Dean,De'Vere - Hunt,ddeverehuntpd@blinklist.com,Male,178.208.127.119
915,Bernice,Worgan,bworganpe@nationalgeographic.com,Female,244.108.49.28
916,Trudi,Ryle,trylepf@nifty.com,Female,4.151.165.158
917,Lief,Allday,lalldaypg@berkeley.edu,Genderfluid,116.84.6.246
918,Huntington,Paynter,hpaynterph@pcworld.com,Agender,100.89.27.168
919,Onida,MacPaik,omacpaikpi@gnu.org,Female,240.138.80.130
920,Aurelea,Le Franc,alefrancpj@umn.edu,Female,63.244.124.80
921,Tam,Glowacz,tglowaczpk@nasa.gov,Male,102.182.143.164
922,Katharina,Onians,konianspl@a8.net,Female,28.178.187.205
923,Jorgan,McLaughlan,jmclaughlanpm@godaddy.com,Male,190.168.12.9
924,Diandra,Angric,dangricpn@squarespace.com,Female,206.122.28.10
925,Sarina,Rooms,sroomspo@etsy.com,Female,219.184.29.210
926,Julee,Jentle,jjentlepp@sina.com.cn,Genderfluid,170.126.234.183
927,Lorri,Del Castello,ldelcastellopq@buzzfeed.com,Female,132.5.35.159
928,Raffaello,Mark,rmarkpr@wp.com,Male,76.5.143.242
929,Hasty,Dun,hdunps@seattletimes.com,Male,20.25.60.160
930,Sallyann,Castagnone,scastagnonept@theatlantic.com,Female,179.42.103.80
931,Yvette,Moquin,ymoquinpu@xrea.com,Female,8.156.150.51
932,Phaidra,Scolding,pscoldingpv@w3.org,Female,12.224.1.93
933,Lu,Guido,lguidopw@usatoday.com,Female,18.3.202.249
934,Janis,Wickey,jwickeypx@twitter.com,Female,201.180.112.2
935,Tonie,Porte,tportepy@salon.com,Female,214.191.185.196
936,Isa,McIlhagga,imcilhaggapz@nsw.gov.au,Female,134.82.134.28
937,Faith,Fonquernie,ffonquernieq0@alibaba.com,Non-binary,117.62.22.26
938,Mathew,Shingles,mshinglesq1@businessinsider.com,Male,122.230.51.235
939,Charlie,Mapp,cmappq2@ucsd.edu,Male,151.132.190.51
940,Milena,MacMeekan,mmacmeekanq3@tiny.cc,Female,71.23.35.202
941,Dollie,Polson,dpolsonq4@istockphoto.com,Female,103.88.166.165
942,Hasty,Schoroder,hschoroderq5@nasa.gov,Male,148.41.78.152
943,Kass,Lannen,klannenq6@ihg.com,Female,137.46.74.230
944,Akim,Lemmertz,alemmertzq7@abc.net.au,Male,121.44.123.207
945,Corrine,MacCaughey,cmaccaugheyq8@diigo.com,Female,239.237.8.197
946,Darren,Loyns,dloynsq9@goodreads.com,Male,234.150.53.199
947,Harland,Skyram,hskyramqa@amazon.com,Male,157.23.163.15
948,Gayleen,Tolomei,gtolomeiqb@blogger.com,Female,4.183.221.242
949,Schuyler,Defries,sdefriesqc@xrea.com,Male,214.43.130.134
950,Lane,Victory,lvictoryqd@indiegogo.com,Female,4.51.27.70
951,Leicester,Bus,lbusqe@fc2.com,Male,152.129.43.68
952,Ali,Micco,amiccoqf@fc2.com,Female,201.105.191.9
953,Christean,Lofts,cloftsqg@shop-pro.jp,Female,234.108.159.144
954,Upton,Gennings,ugenningsqh@bbb.org,Male,135.224.235.223
955,Rozelle,Boshell,rboshellqi@nyu.edu,Female,76.139.15.209
956,Vevay,Taberer,vtabererqj@surveymonkey.com,Female,180.58.253.220
957,Eadith,Prine,eprineqk@sciencedaily.com,Female,136.217.255.91
958,Wilie,Segot,wsegotql@amazon.de,Female,247.235.59.8
959,Lazaro,Mattis,lmattisqm@java.com,Male,253.89.245.194
960,Delmore,Fetherston,dfetherstonqn@constantcontact.com,Non-binary,79.152.244.4
961,Quillan,Ronan,qronanqo@xing.com,Male,147.214.73.7
962,Tonia,Honsch,thonschqp@independent.co.uk,Female,202.166.47.186
963,Oralla,Lisciandri,olisciandriqq@csmonitor.com,Female,1.2.100.64
964,Molly,Noyes,mnoyesqr@archive.org,Genderfluid,228.162.149.14
965,Witty,Aronsohn,waronsohnqs@netvibes.com,Agender,203.48.178.122
966,Glynda,Crutch,gcrutchqt@tinyurl.com,Agender,83.222.243.190
967,Fields,Kaliszewski,fkaliszewskiqu@xinhuanet.com,Male,101.145.170.99
968,Mona,Hews,mhewsqv@ehow.com,Female,155.41.150.91
969,Dale,Timlin,dtimlinqw@g.co,Male,29.233.238.213
970,Libbi,Mesnard,lmesnardqx@marketwatch.com,Female,245.172.52.56
971,Dianne,Farrah,dfarrahqy@google.co.jp,Female,172.140.91.188
972,Val,Ambresin,vambresinqz@icq.com,Male,188.90.68.55
973,Aldric,Francie,afrancier0@nbcnews.com,Male,6.194.31.230
974,Meyer,Flew,mflewr1@smugmug.com,Male,51.116.19.147
975,Tymon,Scruby,tscrubyr2@delicious.com,Male,118.177.18.186
976,Will,Balm,wbalmr3@so-net.ne.jp,Male,120.247.79.243
977,Mahala,Curbishley,mcurbishleyr4@ftc.gov,Bigender,207.208.32.58
978,Ogden,Grindrod,ogrindrodr5@walmart.com,Male,148.10.48.25
979,Athena,Sidry,asidryr6@census.gov,Agender,173.177.96.174
980,Shaw,Stobbes,sstobbesr7@behance.net,Male,44.212.228.18
981,Isidora,Tolemache,itolemacher8@house.gov,Female,143.226.41.128
982,Cathryn,Storm,cstormr9@wikispaces.com,Female,155.125.174.18
983,Prinz,O'Shiel,poshielra@feedburner.com,Male,19.122.180.31
984,Valeda,Probart,vprobartrb@tripod.com,Female,67.191.171.159
985,Joelie,Bedle,jbedlerc@comsenz.com,Female,239.233.169.46
986,Floria,Dootson,fdootsonrd@cdbaby.com,Female,72.142.56.48
987,Sherri,Deeney,sdeeneyre@facebook.com,Female,80.200.32.255
988,Kimberley,Gamlen,kgamlenrf@com.com,Polygender,45.140.164.91
989,Domenic,Crutchley,dcrutchleyrg@illinois.edu,Male,93.185.96.164
990,Marita,Vanyukhin,mvanyukhinrh@dell.com,Polygender,243.219.137.129
991,Adele,Sawood,asawoodri@ted.com,Female,233.137.231.217
992,Hilliary,Sandaver,hsandaverrj@yandex.ru,Female,30.218.102.174
993,Lowe,Cowser,lcowserrk@nature.com,Male,137.43.179.114
994,Martita,Jowett,mjowettrl@odnoklassniki.ru,Female,3.142.188.194
995,Corrie,Jessen,cjessenrm@yale.edu,Male,38.200.174.250
996,Lammond,Abramovitch,labramovitchrn@amazonaws.com,Male,230.79.212.126
997,Serena,Gronaller,sgronallerro@example.com,Female,133.180.155.148
998,Corry,Leitche,cleitcherp@wufoo.com,Female,43.1.249.14
999,Domenic,Duly,ddulyrq@typepad.com,Male,128.35.163.34
1000,Odetta,Asling,oaslingrr@cam.ac.uk,Female,109.192.192.111
